rp_uid,rp_event,rp_item,rp_problem,rp_section,rp_tryfix,rp_fixed,rp_source,rp_comment
1,29/03/2025,Sony Laptop,,Electrical,TRUE,FALSE,,
2,29/03/2025,Record Player,,Electrical,TRUE,FALSE,,
3,29/03/2025,Anniversary Clock,,Mechanical,TRUE,TRUE,,
4,29/03/2025,Jewellery Box,,Mechanical,TRUE,FALSE,,
5,29/03/2025,T-shirt,,Sewing,TRUE,TRUE,,
6,29/03/2025,Bag-fasterner,,Sewing,TRUE,TRUE,,
7,29/03/2025,Laptop,,Electrical,TRUE,FALSE,,
8,29/03/2025,Suitcase,,Mechanical,TRUE,FALSE,,
9,29/03/2025,Printer,,Computer,TRUE,FALSE,,
10,31/05/2025,Laptop,,Computer,TRUE,FALSE,,
11,31/05/2025,Pottery Lampshade,,General,TRUE,TRUE,,
12,31/05/2025,Coffee Machine,,Electrical,TRUE,TRUE,,
13,31/05/2025,DVD Player,,Electrical,TRUE,TRUE,,
14,31/05/2025,Table Lamp,,Electrical,TRUE,TRUE,,
15,31/05/2025,Camera,Error E9,Electrical,TRUE,FALSE,,
16,31/05/2025,Toaster,,Electrical,TRUE,FALSE,,
17,31/05/2025,Hoover,,Electrical,TRUE,FALSE,,
18,31/05/2025,2 x Garment,,Sewing,TRUE,TRUE,,
19,31/05/2025,Sewing machine,,Electrical,TRUE,FALSE,,
20,31/05/2025,Hedgecutters,,Electrical,TRUE,TRUE,,
21,31/05/2025,"Jacket, Short, Jumper",,Sewing,TRUE,TRUE,,
22,31/05/2025,Laptop Games,,Computer,TRUE,TRUE,,
23,31/05/2025,Clock,,General,TRUE,TRUE,,
24,31/05/2025,Laptop,,Electrical,TRUE,FALSE,,
25,31/05/2025,MP3 Player,,Computer,TRUE,FALSE,,
26,28/06/2025,Laptop,,Computer,TRUE,TRUE,,
27,28/06/2025,Sunglasses,,General,TRUE,TRUE,,
28,28/06/2025,Lamp,,Electrical,TRUE,TRUE,,
29,28/06/2025,Lamp,,Electrical,TRUE,FALSE,,
30,28/06/2025,Kettle,,Electrical,TRUE,TRUE,,
31,28/06/2025,Radio,,Electrical,TRUE,TRUE,,
32,02/08/2025,Hole Punch,,Mechanical,TRUE,TRUE,,
33,02/08/2025,Bra,,Sewing,TRUE,TRUE,,
34,02/08/2025,Pyjamas,,Sewing,TRUE,TRUE,,
35,02/08/2025,Cuckoo Clock,,Mechanical,TRUE,TRUE,,
36,02/08/2025,Laptop 1,,Computer,TRUE,TRUE,,
36,02/08/2025,Laptop 2,,Computer,TRUE,TRUE,,
37,02/08/2025,Radio,,Electrical,TRUE,FALSE,,
38,02/08/2025,Melodica,,Mechanical,TRUE,TRUE,,
39,02/08/2025,Diecast Machine,,Mechanical,TRUE,TRUE,,
40,02/08/2025,Compometer,,Mechanical,TRUE,TRUE,,
41,02/08/2025,Iron,,Electrical,TRUE,FALSE,,
42,30/08/2025,Companion Puppy toy,,Electrical,TRUE,TRUE,,
43,30/08/2025,Pocket Watch,,Mechanical,FALSE,FALSE,,Email when John available
44,30/08/2025,Lamp,,Electrical,TRUE,TRUE,,
45,30/08/2025,Motorbike cover,,Sewing,TRUE,TRUE,,
46,30/08/2025,Deep Fat Fryer,,Electrical,TRUE,FALSE,,
47,30/08/2025,Dress,,Sewing,TRUE,TRUE,,
48,30/08/2025,Necklace,,Sewing,TRUE,TRUE,,
49,30/08/2025,Clock,,Mechanical,FALSE,TRUE,,Return when John available
50,30/08/2025,Laptop,,Computer,TRUE,FALSE,,
51,30/08/2025,Video Player,,Electrical,TRUE,FALSE,,
52,30/08/2025,Clock,,Mechanical,TRUE,FALSE,,
53,30/08/2025,Brio trains,,Electrical,TRUE,TRUE,,RZ taken to fix
54,27/09/2025,Bag,,Sewing,TRUE,TRUE,,
55,27/09/2025,Hair dryer,,Electrical,TRUE,FALSE,,
56,27/09/2025,Winter coat,,Sewing,TRUE,TRUE,,
57,27/09/2025,Rucksack,Hole,Sewing,TRUE,TRUE,,
58,27/09/2025,Lawn mover,,Electrical,TRUE,FALSE,,
59,27/09/2025,Toaster,Smells and trips electrics,Electrical,TRUE,TRUE,,
60,27/09/2025,Radio,,Electrical,TRUE,FALSE,,
61,27/09/2025,Stereo turntable,,Electrical,TRUE,TRUE,,
62,27/09/2025,Water feature,,Electrical,TRUE,FALSE,,
63,27/09/2025,Clock,,Mechanical,TRUE,FALSE,,
64,27/09/2025,Bike,,Cycles,TRUE,TRUE,,
65,27/09/2025,Bugle,,Musical,TRUE,FALSE,,
66,27/09/2025,LED tree,,Electrical,FALSE,FALSE,,
67,27/09/2025,Glass leaves,,Mechanical,TRUE,TRUE,,
68,27/09/2025,Shorts,,Sewing,TRUE,TRUE,,
69,27/09/2025,Clothes,,Sewing,TRUE,TRUE,,
70,25/10/2025,Gtech vaccuum cleaner,,Electrical,TRUE,TRUE,,
71,25/10/2025,Jeans,,Sewing,TRUE,TRUE,,
72,25/10/2025,Bicycle,,Cycles,FALSE,FALSE,,
73,25/10/2025,Xmas lights,,Electrical,TRUE,TRUE,,
74,25/10/2025,Pencil sharperner,,Electrical,TRUE,FALSE,,
75,25/10/2025,Watch,,Mechanical,TRUE,TRUE,,
76,25/10/2025,Clock,Constant chiming,Mechanical,TRUE,TRUE,,
77,25/10/2025,Lamp base,,General,TRUE,TRUE,,
78,25/10/2025,Teapot,,General,TRUE,FALSE,,
79,25/10/2025,Printer,,Computer,TRUE,TRUE,,
80,25/10/2025,Radio,not tuning,Electrical,TRUE,TRUE,,
81,25/10/2025,Heater,,Electrical,TRUE,TRUE,,
82,25/10/2025,Computer,Won't boot,Computer,FALSE,FALSE,,RZ taken to fix
83,25/10/2025,Fleece jacket,,Sewing,TRUE,TRUE,,
84,25/10/2025,Money box,,Mechanical,TRUE,TRUE,,
85,25/10/2025,Table lamps & fittings,,General,TRUE,TRUE,,
86,25/10/2025,Fleece jacket,,Sewing,TRUE,TRUE,,
87,25/10/2025,Camera,Zoom not returning,Mechanical,TRUE,TRUE,,
88,29/11/2025,Printer,Paper stuck inside,Computer,TRUE,TRUE,,
89,29/11/2025,Lamp,Wire cut,Electrical,TRUE,TRUE,,
90,29/11/2025,Camera,Shutter stuck,Mechanical,TRUE,TRUE,,
91,29/11/2025,Hoover,Cable damaged,Electrical,TRUE,TRUE,,
92,29/11/2025,Wooden Stool,Come apart,General,TRUE,TRUE,,
93,29/11/2025,Steam cleaner,Tripping circuit,Electrical,TRUE,FALSE,,
94,29/11/2025,Jewelry box,Broken hinge,General,TRUE,TRUE,,
95,29/11/2025,Iron,Works intermittently,Electrical,TRUE,FALSE,,
96,29/11/2025,Brass lamp,Broken hinge,Electrical,TRUE,TRUE,,
97,29/11/2025,Brass lamp,Broken holder,Electrical,TRUE,FALSE,,
98,29/11/2025,Pasta maker,Jamming,Mechanical,TRUE,TRUE,,
99,29/11/2025,Electrical steamer,No steam,Electrical,TRUE,FALSE,,
100,29/11/2025,Electric tootbrush,Screw Loose,Electrical,TRUE,TRUE,,
101,29/11/2025,Toy Bug,Mech broken,Mechanical,FALSE,FALSE,,
102,29/11/2025,Trousers,Waist  loose,Sewing,TRUE,TRUE,,
103,29/11/2025,Trousers,Hem,Sewing,TRUE,TRUE,,
104,29/11/2025,Vaccum cleaner,Not running,Electrical,TRUE,TRUE,,
105,29/11/2025,Vacuum cleaner,Not working,Electrical,TRUE,TRUE,,
106,27/12/2025,Dress,Too baggy,Sewing,TRUE,TRUE,,
107,27/12/2025,Small pot disk,Broken,General,TRUE,TRUE,,
108,27/12/2025,Jersey sweatpants,Too long,Sewing,TRUE,TRUE,,
109,27/12/2025,Leather bag,Missing buckle,Sewing,FALSE,FALSE,,
110,27/12/2025,DVD Player,Won't open,Electrical,TRUE,TRUE,,
111,27/12/2025,Sewing machine,Doesn't sew straight,Electrical,TRUE,TRUE,,
112,27/12/2025,Wooden clock,Dismantled and untested,Mechanical,TRUE,TRUE,,
113,27/12/2025,Henry vacuum cleaner,Unknown fault,Electrical,FALSE,FALSE,,
114,31/01/2026,Lamp,Not switching ogg,Electrical,TRUE,FALSE,Northdale,
115,31/01/2026,Woollen Dress,Collar detaching,Sewing,TRUE,TRUE,Volunteer,
116,31/01/2026,Anki Cozmo,Needs new battery,Electrical,TRUE,TRUE,Facebook,
117,31/01/2026,Cardigans,Holes,Sewing,TRUE,TRUE,Volunteer,
118,31/01/2026,Fleece,Cuff detaching,Sewing,TRUE,TRUE,Volunteer,
119,31/01/2026,Set top box,No signal,Electrical,TRUE,FALSE,WoM,
120,31/01/2026,Secateurs,Not working,Mechanical,TRUE,TRUE,Facebook,
121,31/01/2026,Lamp,Dodgy connection,Electrical,TRUE,TRUE,Previous,
122,31/01/2026,Annivesary Clock,Stops after 15 mins,Mechanical,TRUE,TRUE,Previous,
123,31/01/2026,Sewing machine,Bobbin error,Mechanical,TRUE,TRUE,Church,
124,31/01/2026,Sewing machine,Foot pdeal not working,Electrical,TRUE,FALSE,WoM,
125,31/01/2026,Keyboard,Speakers not working,Electrical,TRUE,FALSE,WoM,
126,31/01/2026,Hair Dryer,Cuts out,Electrical,TRUE,TRUE,Online,
127,31/01/2026,Extension cable,Stopped working,Electrical,TRUE,TRUE,Newspaper,
128,31/01/2026,Electric saw,TLC required,Electrical,TRUE,TRUE,Newspaper,
129,31/01/2026,Seiko watch,Second hand detached,Mechanical,TRUE,FALSE,WoM,
130,31/01/2026,TV,Aerial port detached,Electrical,TRUE,TRUE,Facebook,
131,31/01/2026,Secateurs,Clena & overhal needed,Mechanical,TRUE,TRUE,Poster,
132,31/01/2026,Hat,Holes,Sewing,TRUE,TRUE,Rotary,
133,31/01/2026,Laptop,,Computer,TRUE,TRUE,,
134,31/01/2026,Steam Iron,Not steaming,Electrical,TRUE,FALSE,Facebook,
135,31/01/2026,Boot,Straps detached,Sewing,TRUE,TRUE,Northdale,
136,28/02/2026,Toaster,Not staying down,Electrical,TRUE,TRUE,Northdale,
137,28/02/2026,T-shirt,Sew badge on,Sewing,TRUE,TRUE,Facebook,
138,28/02/2026,Hairdryer,Not blowing,Electrical,TRUE,FALSE,Facebook,
139,28/02/2026,Sewing machine,Pedal pin missing,Mechanical,TRUE,TRUE,Facebook,
140,28/02/2026,Mug,Broken handle,General,TRUE,TRUE,Previous,
141,28/02/2026,Vax carpet cleaner,Not working,Electrical,TRUE,TRUE,WoM,
142,28/02/2026,Lamp,Broken fitting,Electrical,TRUE,TRUE,WoM,
143,28/02/2026,Hat,Dog ate it,Sewing,TRUE,TRUE,Online,
144,28/02/2026,Bag,Broken zipper,Sewing,TRUE,TRUE,Northdale,
145,28/02/2026,CD Player,Donation,Electrical,FALSE,FALSE,,
146,28/02/2026,Clock,Loud ticker to replace,Mechanical,TRUE,TRUE,Facebook,
147,28/02/2026,Home welder,Replace plug please,Electrical,TRUE,TRUE,Facebook,
148,28/02/2026,Jumper,Seam detached,Sewing,TRUE,TRUE,Facebook,
149,28/03/2026,Hanry Vacuum,Blocked,Electrical,TRUE,TRUE,Northdale,
150,28/03/2026,Frog hot water bottle case,New nose,Sewing,TRUE,TRUE,Northdale,
151,28/03/2026,Emotional support puppy,Not working (batteries),Electrical,TRUE,TRUE,Northdale,
152,28/03/2026,Trousers,Seem needs sewingt,Sewing,TRUE,TRUE,Volunteer,
153,28/03/2026,Hedge Trimmer,Cable cut,Electrical,TRUE,TRUE,Yafforth Hub,
154,28/03/2026,Headphones,Not working,Electrical,TRUE,TRUE,Yafforth Hub,
155,28/03/2026,Jeans,Too long,Sewing,TRUE,TRUE,Facebook,
156,28/03/2026,Grill pan,Lost foot,General,TRUE,TRUE,,
157,28/03/2026,Horse,Broken leg,General,TRUE,TRUE,Newspaper,
158,28/03/2026,Clock,Too fast,Mechanical,TRUE,FALSE,Previous,
159,28/03/2026,Handbag,Faulty zip,Sewing,TRUE,TRUE,Northdale,
160,28/03/2026,Vax vacuum,Not charging,Electrical,TRUE,FALSE,Other RC,
161,28/03/2026,Fleece,Zip repair,Sewing,TRUE,TRUE,Volunteer,
162,28/03/2026,Cardigans,Hole,Sewing,TRUE,TRUE,Volunteer,
163,28/03/2026,Rucksack,Detached strap,Sewing,TRUE,TRUE,Volunteer,
164,28/03/2026,Iron,Not working,Electrical,TRUE,FALSE,NYC,
165,28/03/2026,Shark vacuum,Motor runs but not picking up,Electrical,TRUE,FALSE,NYC,
166,25/04/2026,Sewing Machine,Test only,Electrical,TRUE,TRUE,Volunteer,
167,25/04/2026,Crawling baby,Not crawling,Electrical,TRUE,FALSE,Volunteer,
168,25/04/2026,Toaster,Tripping RCD,Electrical,TRUE,TRUE,Volunteer,
169,25/04/2026,Clock,Broken piece,Mechanical,TRUE,TRUE,Newspaper,
170,25/04/2026,Barograph,Stops,Mechanical,TRUE,TRUE,Scruton,
171,25/04/2026,Tea cup,Broken handle,General,TRUE,TRUE,WoM,
172,25/04/2026,Hand drill,Gear problem,Electrical,TRUE,TRUE,Previous,
173,25/04/2026,Cardigans,Holes in seam,Sewing,TRUE,TRUE,Facebook,
174,25/04/2026,Lamp,Needs rewiring,Electrical,TRUE,TRUE,Noticeboard,
175,25/04/2026,Coffee Grinder,Not rotating,Electrical,TRUE,FALSE,Newspaper,
176,25/04/2026,Shopping bag,Broken,Sewing,FALSE,FALSE,WoM,
177,25/04/2026,Ornamental sheep,Broken,General,TRUE,TRUE,WoM,
178,25/04/2026,Clock,Loose hand,Mechanical,TRUE,TRUE,Internet,
179,25/04/2026,Jumper,Hole in neck seam,Sewing,TRUE,TRUE,Facebook,
180,25/04/2026,Electric scissors,Incorrect plug,Electrical,TRUE,TRUE,Volunteer,
181,16/05/2026,Radio,Dodgy switch,Electrical,TRUE,TRUE,Library,
182,16/05/2026,Shopping Trolley,Broken handle,Mechanical,TRUE,TRUE,Flyer,
183,16/05/2026,"CD, Radio, Cassette",Cassette stuck,General,TRUE,FALSE,Flyer,
184,16/05/2026,Clock,Too fast,Mechanical,TRUE,TRUE,Previous,
185,16/05/2026,18V motor,Stick cog,Mechanical,TRUE,FALSE,Facebook,
186,30/05/2026,HP Laptop,"Won't charge, very slow",Electrical,TRUE,FALSE,Volunteer,
187,30/05/2026,Tape measure,Unspooled,Mechanical,TRUE,TRUE,Volunteer,Donation. To be fixed. RZ
188,30/05/2026,Glasses,Need glueing,General,TRUE,TRUE,Volunteer,
189,30/05/2026,Portable Speakers,Not pairing,Electrical,TRUE,TRUE,Northdale,
190,30/05/2026,Shorts,Holes,Sewing,TRUE,TRUE,Northdale,
191,30/05/2026,Canvas Bag,Handle needs sewing,Sewing,FALSE,FALSE,Northdale,For next time
192,30/05/2026,Jeans,Holes,Sewing,TRUE,TRUE,Facebook,
193,30/05/2026,Backpack,?,Sewing,FALSE,FALSE,Northdale,For next time
194,30/05/2026,Backpack,Broken Zip,Sewing,TRUE,FALSE,Northdale,
195,30/05/2026,Musical Cigarete box,Not working,Mechanical,TRUE,TRUE,Unknown,
196,30/05/2026,Canon MG5150 Injet Printer,Wast tank full,Electrical,FALSE,FALSE,WI,Coming back next month for disassembly
197,,,,,FALSE,FALSE,,
198,,,,,FALSE,FALSE,,
199,,,,,FALSE,FALSE,,
200,,,,,,,,
201,,,,,,,,
202,,,,,,,,
203,,,,,,,,
204,,,,,,,,
205,,,,,,,,
206,,,,,,,,
207,,,,,,,,
208,,,,,,,,
209,,,,,,,,
210,,,,,,,,
211,,,,,,,,
212,,,,,,,,
213,,,,,,,,
214,,,,,,,,
215,,,,,,,,
216,,,,,,,,
217,,,,,,,,
218,,,,,,,,
219,,,,,,,,
220,,,,,,,,
221,,,,,,,,
222,,,,,,,,
223,,,,,,,,
224,,,,,,,,
225,,,,,,,,
226,,,,,,,,
227,,,,,,,,
228,,,,,,,,
229,,,,,,,,
230,,,,,,,,
231,,,,,,,,
232,,,,,,,,
233,,,,,,,,
234,,,,,,,,
235,,,,,,,,
236,,,,,,,,
237,,,,,,,,
238,,,,,,,,
239,,,,,,,,
240,,,,,,,,
241,,,,,,,,
242,,,,,,,,
243,,,,,,,,
244,,,,,,,,
245,,,,,,,,
246,,,,,,,,
247,,,,,,,,
248,,,,,,,,
249,,,,,,,,
250,,,,,,,,
251,,,,,,,,
252,,,,,,,,
253,,,,,,,,
254,,,,,,,,
255,,,,,,,,
256,,,,,,,,